Floor,Date,Number of rooms,Apartment number,m2,Price,Remuneration,Fact of sale,Address
1,,3,1,73.76,10 150 000,5 261 778,No,Dadaeva
1,,2,2,63.96,8 570 000,4 336 457,No,Dadaeva
1,2023-08-01,1,3,37.07,4 356 800,1 934 127,Yes,Dadaeva
1,2024-06-01,1,4,39.4,4 526 800,1 951 852,Yes,Dadaeva
1,2024-06-01,1,5,53.55,5 776 800,2 277 093,Yes,Dadaeva
2,,3,6,74.35,10 390 000,5 462 683,No,Dadaeva
2,,2,7,65.23,8 660 000,4 342 303,No,Dadaeva
2,2023-07-01,1,8,37.07,4 250 000,1 827 327,Yes,Dadaeva
2,2024-06-01,1,9,39.4,4 556 800,1 981 852,Yes,Dadaeva
2,2024-06-01,2,10,59.74,7 020 000,3 061 448,Yes,Dadaeva
3,2024-06-01,3,11,74.35,8 386 800,3 527 730,Yes,Dadaeva
3,2023-05-25,2,12,65.23,6 620 000,2 356 959,Yes,Dadaeva
3,2023-07-01,1,13,37.07,4 180 000,1 757 327,Yes,Dadaeva
3,2023-04-20,1,14,39.4,3 636 800,1 061 852,Yes,Dadaeva
3,2023-06-22,2,15,59.74,5 990 000,2 085 752,Yes,Dadaeva
4,2024-06-01,3,16,74.35,7 996 800,3 137 730,Yes,Dadaeva
4,2023-05-24,2,17,65.23,6 660 000,2 396 959,Yes,Dadaeva
4,2023-07-01,1,18,37.07,4 216 800,1 794 127,Yes,Dadaeva
4,2023-05-05,1,19,39.4,4 660 000,2 085 052,Yes,Dadaeva
4,,2,20,59.74,7 780 000,3 804 220,No,Dadaeva
5,2023-06-21,3,21,74.35,8 090 000,3 230 930,Yes,Dadaeva
5,2023-05-06,2,22,65.23,6 860 000,2 596 959,Yes,Dadaeva
5,2024-06-01,1,23,37.07,4 586 800,2 164 127,Yes,Dadaeva
5,2023-05-05,1,24,39.4,4 756 800,2 181 852,Yes,Dadaeva
5,2023-07-06,2,25,59.74,6 100 000,2 195 752,Yes,Dadaeva
6,2023-06-08,3,26,74.35,8 090 000,3 230 930,Yes,Dadaeva
6,2023-05-10,2,27,65.23,6 866 800,2 603 759,Yes,Dadaeva
6,2023-04-20,1,28,37.07,4 360 000,1 937 327,Yes,Dadaeva
6,2023-06-22,1,29,39.4,4 680 000,2 105 052,Yes,Dadaeva
6,2023-09-22,2,30,59.74,6 708 800,2 804 552,Yes,Dadaeva
7,2023-06-23,3,31,74.26,8 120 000,3 266 812,Yes,Dadaeva
7,2023-05-05,2,32,65.14,6 896 800,2 639 640,Yes,Dadaeva
7,2024-06-01,1,33,36.98,4 316 800,1 900 009,Yes,Dadaeva
7,2023-10-23,1,34,39.26,5 286 800,2 721 002,Yes,Dadaeva
7,2024-06-01,2,35,59.6,6 130 000,2 234 902,Yes,Dadaeva
8,2024-06-01,3,36,74.26,8 120 000,3 266 812,Yes,Dadaeva
8,2023-05-10,2,37,65.44,7 100 000,2 823 234,Yes,Dadaeva
8,2024-06-01,1,38,36.98,4 316 800,1 900 009,Yes,Dadaeva
8,2023-07-01,1,39,39.26,4 690 000,2 124 202,Yes,Dadaeva
8,2023-08-01,2,40,59.6,6 556 800,2 661 702,Yes,Dadaeva
9,,3,41,74.78,10 690 000,5 728 227,No,Dadaeva
9,2024-06-01,2,42,66.18,7 926 800,3 601 672,Yes,Dadaeva
9,2024-06-01,1,43,37.21,4 669 000,2 237 178,Yes,Dadaeva
9,2023-08-22,1,44,39.52,5 100 000,2 517 210,Yes,Dadaeva
9,2023-07-07,2,45,60.12,6 148 800,2 219 718,Yes,Dadaeva
1,2023-08-21,2,46,61.98,6 586 800,2 536 159,Yes,Dadaeva
1,,1,47,41.73,5 710 000,2 944 845,No,Dadaeva
1,,1,48,41.73,5 710 000,2 944 845,No,Dadaeva
1,,2,49,62.29,7 940 000,3 801 213,No,Dadaeva
2,,2,50,66.62,8 450 000,4 024 294,No,Dadaeva
2,,1,51,43.08,6 020 000,3 165 390,No,Dadaeva
2,,1,52,43.08,6 020 000,3 165 390,No,Dadaeva
2,2023-11-01,2,53,62.29,7 230 000,3 102 478,Yes,Dadaeva
3,2023-06-22,2,54,66.62,6 560 000,2 206 117,Yes,Dadaeva
3,2024-06-01,1,55,43.08,4 860 000,2 044 550,Yes,Dadaeva
3,2023-08-22,1,56,43.08,5 206 800,2 391 350,Yes,Dadaeva
3,2023-07-01,2,57,62.29,6 330 000,2 259 099,Yes,Dadaeva
4,2023-07-24,2,58,66.62,6 928 800,2 574 917,Yes,Dadaeva
4,2023-10-01,1,59,43.08,5 131 400,2 315 950,Yes,Dadaeva
4,2023-08-01,1,60,43.08,5 236 800,2 421 350,Yes,Dadaeva
4,2024-06-01,2,61,62.29,6 480 000,2 409 099,Yes,Dadaeva
5,2023-07-01,2,62,66.62,6 770 000,2 416 117,Yes,Dadaeva
5,2023-08-01,1,63,43.08,5 480 800,2 665 350,Yes,Dadaeva
5,2024-06-01,1,64,43.08,5 270 000,2 454 550,Yes,Dadaeva
5,2023-07-13,2,65,62.29,6 530 000,2 459 099,Yes,Dadaeva
6,2024-06-01,2,66,66.62,6 816 800,2 462 917,Yes,Dadaeva
6,2023-11-01,1,67,43.08,5 580 000,2 725 390,Yes,Dadaeva
6,2023-10-01,1,68,43.08,5 803 200,2 987 750,Yes,Dadaeva
6,2023-10-24,2,69,62.29,7 020 000,2 949 099,Yes,Dadaeva
7,2023-05-01,2,70,66.48,6 676 800,2 332 066,Yes,Dadaeva
7,2024-06-01,1,71,42.99,5 340 000,2 530 432,Yes,Dadaeva
7,2023-10-01,1,72,42.99,5 550 000,2 740 432,Yes,Dadaeva
7,2023-08-01,2,73,62.14,6 910 000,2 848 902,Yes,Dadaeva
8,,2,74,66.48,8 650 000,4 224 294,No,Dadaeva
8,2023-09-28,1,75,41.95,5 466 800,2 725 200,Yes,Dadaeva
8,2024-06-01,1,76,41.95,6 130 000,3 350 267,Yes,Dadaeva
8,2024-05-01,2,77,62.14,6 700 000,2 561 213,Yes,Dadaeva
9,2023-06-23,2,78,67,6 730 000,2 351 282,Yes,Dadaeva
9,2023-06-07,1,79,41.9,4 996 800,2 258 467,Yes,Dadaeva
9,2023-11-09,1,80,41.9,5 606 800,2 830 380,Yes,Dadaeva
9,2023-05-01,2,81,62.66,6 680 000,2 584 918,Yes,Dadaeva
1,,1,82,49.77,6 000 000,2 700 103,No,Dadaeva
1,2023-11-01,2,83,58.39,6 660 000,2 790 903,Yes,Dadaeva
1,,1,84,41.91,5 730 000,2 954 906,No,Dadaeva
1,,1,85,39.46,5 530 000,2 913 274,No,Dadaeva
1,2024-06-01,2,86,53.51,6 060 000,2 562 907,Yes,Dadaeva
2,,2,87,61.93,8 170 000,4 050 429,No,Dadaeva
2,,1,88,49.77,6 160 000,2 860 103,No,Dadaeva
2,2023-11-15,2,89,58.39,6 850 000,2 984 879,Yes,Dadaeva
2,,1,90,41.91,5 870 000,3 094 906,No,Dadaeva
2,2023-10-18,1,91,39.46,5 166 800,2 587 931,Yes,Dadaeva
2,2023-07-15,2,92,54.78,5 806 800,2 226 708,Yes,Dadaeva
3,2023-08-30,2,93,61.93,6 780 000,2 732 627,Yes,Dadaeva
3,2023-08-16,1,94,49.77,5 436 800,2 184 131,Yes,Dadaeva
3,2023-05-25,2,95,58.39,5 960 000,2 143 980,Yes,Dadaeva
3,2023-06-07,1,96,41.91,4 780 000,2 041 014,Yes,Dadaeva
3,2023-08-23,1,97,39.46,4 930 000,2 351 131,Yes,Dadaeva
3,2023-09-04,2,98,54.78,6 250 000,2 669 908,Yes,Dadaeva
4,,2,99,61.93,8 230 000,4 110 429,No,Dadaeva
4,2024-06-01,1,100,49.77,5 536 800,2 284 131,Yes,Dadaeva
4,2023-09-28,2,101,58.39,6 576 800,2 760 780,Yes,Dadaeva
4,,1,102,41.91,5 930 000,3 154 906,No,Dadaeva
4,2023-10-13,1,103,39.46,5 160 000,2 581 131,Yes,Dadaeva
4,2024-06-01,2,104,54.78,5 890 000,2 309 908,Yes,Dadaeva
5,,2,105,61.93,8 340 000,4 220 429,No,Dadaeva
5,2023-11-23,1,106,49.77,5 780 000,2 482 090,Yes,Dadaeva
5,,2,107,58.39,7 840 000,3 974 879,No,Dadaeva
5,2023-11-07,1,108,41.91,5 500 000,2 722 918,Yes,Dadaeva
5,2023-10-19,1,109,39.46,5 240 000,2 661 131,Yes,Dadaeva
5,,2,110,54.78,7 790 000,4 207 294,No,Dadaeva
6,2023-11-07,2,111,61.93,7 400 000,3 296 332,Yes,Dadaeva
6,2024-06-01,1,112,49.77,5 506 800,2 254 131,Yes,Dadaeva
6,,2,113,58.39,7 840 000,3 974 879,No,Dadaeva
6,2023-11-07,1,114,41.91,5 500 000,2 722 918,Yes,Dadaeva
6,2023-06-16,1,115,39.46,4 726 800,2 147 931,Yes,Dadaeva
6,2023-04-20,2,116,54.78,5 990 000,2 409 908,Yes,Dadaeva
7,2023-08-25,2,117,61.73,6 936 800,2 902 498,Yes,Dadaeva
7,,1,118,49.68,6 330 000,3 075 371,No,Dadaeva
7,2023-11-15,2,119,58.3,7 256 800,3 393 667,Yes,Dadaeva
7,2023-11-16,1,120,41.85,5 526 800,2 753 693,Yes,Dadaeva
7,2023-09-11,1,121,39.32,5 180 000,2 610 281,Yes,Dadaeva
7,2023-05-03,2,122,54.69,6 010 000,2 435 790,Yes,Dadaeva
8,2023-10-10,2,123,61.73,7 210 000,3 175 698,Yes,Dadaeva
8,2023-09-04,1,124,49.68,5 636 800,2 390 013,Yes,Dadaeva
8,2024-06-01,2,125,58.3,6 576 800,2 766 662,Yes,Dadaeva
8,2024-06-01,1,126,41.85,5 350 000,2 614 935,Yes,Dadaeva
8,2024-06-01,1,127,39.32,5 066 800,2 497 081,Yes,Dadaeva
8,2024-06-01,2,128,53.72,5 906 800,2 395 983,Yes,Dadaeva
9,2024-06-01,2,129,62.22,6 596 800,2 530 474,Yes,Dadaeva
9,2023-03-29,1,130,49.68,5 776 800,2 530 013,Yes,Dadaeva
9,2023-09-25,2,131,58.82,7 456 800,3 612 678,Yes,Dadaeva
9,2023-11-15,1,132,42.12,5 830 000,3 039 002,Yes,Dadaeva
9,2023-06-02,1,133,39.55,4 780 000,2 195 249,Yes,Dadaeva
9,2023-11-01,2,134,54.2,7 176 800,3 585 345,Yes,Dadaeva
1,2023-08-17,2,135,61.98,6 586 800,2 536 159,Yes,Dadaeva
1,,1,136,41.73,5 680 000,2 840 315,No,Dadaeva
1,,1,137,41.73,5 680 000,2 840 315,No,Dadaeva
1,,2,138,62.37,7 940 000,3 686 257,No,Dadaeva
2,2023-08-22,2,139,66.62,7 008 800,2 654 917,Yes,Dadaeva
2,,1,140,41.73,5 830 000,2 990 315,No,Dadaeva
2,,1,141,41.73,5 830 000,2 990 315,No,Dadaeva
2,2023-11-01,2,142,62.4,7 420 000,3 285 189,Yes,Dadaeva
3,2023-09-07,2,143,66.62,7 150 000,2 796 117,Yes,Dadaeva
3,,1,144,41.73,5 840 000,3 000 315,No,Dadaeva
3,,1,145,41.73,5 840 000,3 000 315,No,Dadaeva
3,2023-09-26,2,146,62.4,6 946 800,2 868 710,Yes,Dadaeva
4,2023-08-22,2,147,66.62,7 050 000,2 696 117,Yes,Dadaeva
4,,1,148,41.73,5 880 000,3 040 315,No,Dadaeva
4,,1,149,41.73,5 880 000,3 040 315,No,Dadaeva
4,2023-09-11,2,150,62.4,6 980 000,2 901 910,Yes,Dadaeva
5,2023-10-01,2,151,66.62,7 380 000,3 026 117,Yes,Dadaeva
5,,1,152,41.73,5 920 000,3 080 315,No,Dadaeva
5,,1,153,41.73,5 920 000,3 080 315,No,Dadaeva
5,2023-08-01,2,154,62.4,6 900 000,2 821 910,Yes,Dadaeva
6,2023-08-30,2,155,66.62,7 140 000,2 786 117,Yes,Dadaeva
6,,1,156,41.73,5 960 000,3 120 315,No,Dadaeva
6,,1,157,41.73,5 960 000,3 120 315,No,Dadaeva
6,2023-10-12,2,158,62.4,7 300 000,3 221 910,Yes,Dadaeva
7,2023-06-02,2,159,66.48,6 670 000,2 325 266,Yes,Dadaeva
7,,1,160,41.64,5 990 000,3 150 315,No,Dadaeva
7,,1,161,41.64,5 990 000,3 150 315,No,Dadaeva
7,2023-09-04,2,162,62.25,7 116 800,3 048 514,Yes,Dadaeva
8,2023-09-04,2,163,66.48,7 306 800,2 962 066,Yes,Dadaeva
8,,1,164,41.64,5 990 000,3 150 315,No,Dadaeva
8,,1,165,41.64,5 990 000,3 150 315,No,Dadaeva
8,2023-10-01,2,166,62.25,6 986 800,2 918 514,Yes,Dadaeva
9,2024-06-01,2,167,67,6 760 000,2 381 282,Yes,Dadaeva
9,,1,168,41.9,6 150 000,3 292 622,No,Dadaeva
9,,1,169,41.9,6 150 000,3 292 622,No,Dadaeva
9,2023-06-01,2,170,62.77,6 690 000,2 587 729,Yes,Dadaeva
1,,3,171,84.02,10 850 000,4 982 715,No,Dadaeva
1,,1,172,57.79,7 010 000,2 974 409,No,Dadaeva
1,,1,173,57.82,7 020 000,2 982 314,No,Dadaeva
1,,3,174,84.29,10 860 000,4 973 861,No,Dadaeva
2,,3,175,90.07,11 520 000,5 230 232,No,Dadaeva
2,,1,176,57.79,7 180 000,3 144 409,No,Dadaeva
2,,1,177,57.82,7 180 000,3 142 314,No,Dadaeva
2,2023-11-13,3,178,85.64,10 226 800,4 466 054,Yes,Dadaeva
3,,3,179,90.07,11 540 000,5 250 232,No,Dadaeva
3,,1,180,57.79,7 200 000,3 164 409,No,Dadaeva
3,,1,181,57.82,7 200 000,3 162 314,No,Dadaeva
3,,3,182,85.64,11 240 000,5 259 588,No,Dadaeva
4,,3,183,90.07,11 590 000,5 300 232,No,Dadaeva
4,,1,184,57.79,7 230 000,3 194 409,No,Dadaeva
4,,1,185,57.82,7 240 000,3 202 314,No,Dadaeva
4,,3,186,85.64,11 290 000,5 309 588,No,Dadaeva
5,,3,187,90.07,11 650 000,5 360 232,No,Dadaeva
5,,1,188,57.79,7 280 000,3 244 409,No,Dadaeva
5,,1,189,57.82,7 290 000,3 252 314,No,Dadaeva
5,,3,190,85.64,11 350 000,5 369 588,No,Dadaeva
6,,3,191,90.07,11 700 000,5 410 232,No,Dadaeva
6,,1,192,57.79,7 330 000,3 294 409,No,Dadaeva
6,,1,193,57.82,7 330 000,3 292 314,No,Dadaeva
6,,3,194,85.64,11 430 000,5 449 588,No,Dadaeva
7,2023-11-01,3,195,90.07,10 706 800,4 648 061,Yes,Dadaeva
7,,1,196,57.79,7 360 000,3 324 409,No,Dadaeva
7,,1,197,57.82,7 360 000,3 322 314,No,Dadaeva
7,,3,198,85.64,11 470 000,5 489 588,No,Dadaeva
8,2023-05-01,3,199,89.03,11 670 000,5 452 857,Yes,Dadaeva
8,,1,200,57.79,7 360 000,3 324 409,No,Dadaeva
8,,1,201,57.82,7 360 000,3 322 314,No,Dadaeva
8,2023-11-01,3,202,84.6,10 700 000,5 009 212,Yes,Dadaeva
9,2023-11-01,3,203,89.44,10 850 000,4 833 640,Yes,Dadaeva
9,,1,204,57.79,7 460 000,3 424 409,No,Dadaeva
9,,1,205,57.82,7 460 000,3 422 314,No,Dadaeva
9,,3,206,85.01,11 460 000,5 523 582,No,Dadaeva
1,,1,207,32.16,4 710 000,2 464 203,No,Dadaeva
1,2024-03-12,1,208,32.35,4 630 000,2 370 935,Yes,Dadaeva
1,,1,209,32.35,4 730 000,2 470 935,No,Dadaeva
1,,0,210,26.91,4 210 000,2 330 821,No,Dadaeva
1,,0,211,26.88,4 200 000,2 322 916,No,Dadaeva
1,,0,212,26.95,4 210 000,2 328 028,No,Dadaeva
1,,0,213,26.91,4 210 000,2 330 821,No,Dadaeva
1,,1,214,32.35,4 730 000,2 470 935,No,Dadaeva
1,,1,215,32.35,4 730 000,2 470 935,No,Dadaeva
1,2024-04-22,1,216,32.4,4 580 000,2 317 443,Yes,Dadaeva
2,2023-12-16,1,217,36.64,5 110 000,2 645 337,Yes,Dadaeva
2,2023-11-17,1,218,32.35,4 606 800,2 430 713,Yes,Dadaeva
2,,1,219,32.35,4 860 000,2 600 935,No,Dadaeva
2,,0,220,26.91,4 320 000,2 440 821,No,Dadaeva
2,,0,221,26.88,4 320 000,2 442 916,No,Dadaeva
2,,0,222,26.95,4 320 000,2 438 028,No,Dadaeva
2,,0,223,26.91,4 320 000,2 440 821,No,Dadaeva
2,,1,224,32.35,4 860 000,2 600 935,No,Dadaeva
2,2024-05-01,1,225,32.35,4 870 000,2 610 935,Yes,Dadaeva
2,2023-05-01,1,226,32.4,4 760 000,2 497 443,Yes,Dadaeva
3,2023-11-30,1,227,36.64,5 150 000,2 685 337,Yes,Dadaeva
3,2023-12-01,1,228,32.35,4 610 000,2 433 913,Yes,Dadaeva
3,2024-05-01,1,229,32.35,4 910 000,2 650 935,Yes,Dadaeva
3,,0,230,26.91,4 360 000,2 480 821,No,Dadaeva
3,,0,231,26.88,4 360 000,2 482 916,No,Dadaeva
3,,0,232,26.95,4 360 000,2 478 028,No,Dadaeva
3,,0,233,26.91,4 360 000,2 480 821,No,Dadaeva
3,,1,234,32.35,4 910 000,2 650 935,No,Dadaeva
3,2024-06-01,1,235,32.35,4 910 000,2 650 935,Yes,Dadaeva
3,2023-11-21,1,236,32.4,4 556 800,2 377 349,Yes,Dadaeva
4,2023-11-23,1,237,36.64,5 050 000,2 585 337,Yes,Dadaeva
4,2024-06-01,1,238,32.35,4 966 800,2 707 735,Yes,Dadaeva
4,2023-12-28,1,239,32.35,4 866 800,2 690 713,Yes,Dadaeva
4,,0,240,26.91,4 360 000,2 480 821,No,Dadaeva
4,2024-06-22,0,241,26.88,4 406 800,2 529 716,Yes,Dadaeva
4,,0,242,26.95,4 360 000,2 478 028,No,Dadaeva
4,2024-06-01,0,243,26.91,4170000,2 359 845,Yes,Dadaeva
4,2024-04-01,1,244,32.35,4810000,2 550 935,Yes,Dadaeva
4,2023-12-01,1,245,32.35,4740000,2 563 913,Yes,Dadaeva
4,2023-12-01,1,246,32.4,4690000,2 510 549,Yes,Dadaeva
5,2023-12-07,1,247,36.64,5090000,2 625 337,Yes,Dadaeva
5,2024-06-19,1,248,32.35,5010000,2 750 935,Yes,Dadaeva
5,,1,249,32.35,4950000,2 690 935,No,Dadaeva
5,,0,250,26.91,4390000,2 510 821,No,Dadaeva
5,,0,251,26.88,4390000,2 512 916,No,Dadaeva
5,,0,252,26.95,4400000,2 518 028,No,Dadaeva
5,,0,253,26.91,4390000,2 510 821,No,Dadaeva
5,2024-06-11,1,254,32.35,4950000,2 690 935,Yes,Dadaeva
5,2024-02-20,1,255,32.35,5206221,3 030 134,Yes,Dadaeva
5,2024-05-01,1,256,32.4,4850000,2 587 443,Yes,Dadaeva
6,2023-11-09,1,257,36.64,5090000,2 625 337,Yes,Dadaeva
6,,1,258,32.35,4950000,2 690 935,No,Dadaeva
6,,1,259,32.35,4950000,2 690 935,No,Dadaeva
6,,0,260,26.91,4390000,2 510 821,No,Dadaeva
6,,0,261,26.88,4390000,2 512 916,No,Dadaeva
6,,0,262,26.95,4400000,2 518 028,No,Dadaeva
6,2024-05-01,0,263,26.91,4396800,2 517 621,Yes,Dadaeva
6,,1,264,32.35,4950000,2 690 935,No,Dadaeva
6,,1,265,32.35,4950000,2 690 935,No,Dadaeva
6,2023-11-01,1,266,32.4,4450000,2 270 549,Yes,Dadaeva
7,2024-04-01,1,267,36.64,5330000,2 771 356,Yes,Dadaeva
7,,1,268,32.35,5020000,2 760 935,No,Dadaeva
7,,1,269,32.35,5020000,2 760 935,No,Dadaeva
7,,0,270,26.91,4450000,2 570 821,No,Dadaeva
7,,0,271,26.88,4440000,2 562 916,No,Dadaeva
7,,0,272,26.95,4450000,2 568 028,No,Dadaeva
7,,0,273,26.91,4450000,2 570 821,No,Dadaeva
7,2024-01-10,1,274,32.35,4976800,2 800 713,Yes,Dadaeva
7,2024-05-27,1,275,32.35,5020000,2 760 935,Yes,Dadaeva
7,2023-11-09,1,276,32.4,4516800,2 337 349,Yes,Dadaeva
8,2023-11-01,1,277,36.64,5050000,2 585 337,Yes,Dadaeva
8,2024-06-18,1,278,32.35,5080000,2 820 935,Yes,Dadaeva
8,,1,279,32.35,5020000,2 760 935,No,Dadaeva
8,,0,280,26.91,4450000,2 570 821,No,Dadaeva
8,,0,281,26.88,4440000,2 562 916,No,Dadaeva
8,,0,282,26.95,4450000,2 568 028,No,Dadaeva
8,2023-11-21,0,283,26.91,4250000,2 439 845,Yes,Dadaeva
8,,1,284,32.35,5020000,2 760 935,No,Dadaeva
8,2024-03-25,1,285,32.35,4920000,2 743 913,Yes,Dadaeva
8,,1,286,32.4,4920000,2 657 443,No,Dadaeva
9,2024-06-01,1,287,36.9,5806468,3 229 667,Yes,Dadaeva
9,,1,288,32.7,5080000,2 796 494,No,Dadaeva
9,,1,289,32.7,5080000,2 796 494,No,Dadaeva
9,,0,290,26.91,4470000,2 590 821,No,Dadaeva
9,,0,291,26.88,4460000,2 582 916,No,Dadaeva
9,,0,292,26.95,4470000,2 588 028,No,Dadaeva
9,,0,293,26.91,4470000,2 590 821,No,Dadaeva
9,,1,294,32.57,5060000,2 785 572,No,Dadaeva
9,2024-05-01,1,295,32.57,4960000,2 685 572,Yes,Dadaeva
9,,1,296,32.66,4970000,2 689 287,No,Dadaeva
1,,2,297,62.25,7 920 000,3 682 892,No,Dadaeva
1,,1,298,41.73,5 680 000,2 839 606,No,Dadaeva
1,,1,299,41.73,5 680 000,2 839 606,No,Dadaeva
1,,2,300,62.46,7 940 000,3 688 598,No,Dadaeva
2,,2,301,66.84,8 470 000,3 920 469,No,Dadaeva
2,,1,302,41.73,5 830 000,2 989 606,No,Dadaeva
2,,1,303,41.73,5 830 000,2 989 606,No,Dadaeva
2,2024-06-04,2,304,62.46,7 898 000,3 646 598,Yes,Dadaeva
3,,2,305,66.84,8 530 000,3 980 469,No,Dadaeva
3,,1,306,41.73,5 840 000,2 999 606,No,Dadaeva
3,,1,307,41.73,5 840 000,2 999 606,No,Dadaeva
3,,2,308,62.46,8 180 000,3 928 598,No,Dadaeva
4,,2,309,66.84,8 530 000,3 980 469,No,Dadaeva
4,2023-11-01,1,310,41.73,5 640 000,2 921 082,Yes,Dadaeva
4,2023-11-28,1,311,41.73,5 590 000,2 871 082,Yes,Dadaeva
4,,2,312,62.46,8 180 000,3 928 598,No,Dadaeva
5,,2,313,66.84,8 620 000,4 070 469,No,Dadaeva
5,,1,314,41.73,5 920 000,3 079 606,No,Dadaeva
5,2024-04-12,1,315,41.73,6 053 901,3 213 507,Yes,Dadaeva
5,,2,316,62.46,8 280 000,4 028 598,No,Dadaeva
6,2024-03-01,2,317,66.84,8 370 000,3 820 469,Yes,Dadaeva
6,,1,318,41.73,5 920 000,3 079 606,No,Dadaeva
6,2024-06-01,1,319,41.73,6 191 703,3 351 309,Yes,Dadaeva
6,,2,320,62.46,8 280 000,4 028 598,No,Dadaeva
7,2024-02-01,2,321,66.84,8 260 000,3 710 469,Yes,Dadaeva
7,,1,322,41.73,5 950 000,3 109 606,No,Dadaeva
7,,1,323,41.73,5 950 000,3 109 606,No,Dadaeva
7,2024-06-01,2,324,62.46,8 496 800,4 245 398,Yes,Dadaeva
8,2023-11-29,2,325,66.84,8 206 800,3 851 840,Yes,Dadaeva
8,,1,326,41.73,5 990 000,3 149 606,No,Dadaeva
8,,1,327,41.73,5 990 000,3 149 606,No,Dadaeva
8,2023-12-27,2,328,62.46,8 080 000,4 010 419,Yes,Dadaeva
9,2024-04-01,2,329,67.36,8 556 800,3 971 874,Yes,Dadaeva
9,,1,330,41.99,6 090 000,3 231 909,No,Dadaeva
9,2024-05-22,1,331,41.99,6 090 000,3 231 909,Yes,Dadaeva
9,2024-02-01,2,332,62.98,8 070 000,3 783 203,Yes,Dadaeva
1,,2,333,53.55,7 230 000,3 585 066,No,Dadaeva
1,,1,334,39.49,5 490 000,2 802 074,No,Dadaeva
1,2024-05-14,1,335,41.88,5 430 000,2 579 396,Yes,Dadaeva
1,,2,336,58.33,7 460 000,3 489 710,No,Dadaeva
1,,1,337,49.8,6 000 000,2 610 313,No,Dadaeva
2,,2,338,54.82,7 610 000,3 878 622,No,Dadaeva
2,2024-03-04,1,339,39.49,5 560 000,2 872 074,Yes,Dadaeva
2,2024-04-11,1,340,41.88,5 480 000,2 629 396,Yes,Dadaeva
2,,2,341,58.33,7 670 000,3 699 710,No,Dadaeva
2,,1,342,49.8,6 160 000,2 770 313,No,Dadaeva
2,,2,343,62.17,8 170 000,3 938 337,No,Dadaeva
3,2023-12-19,2,344,54.82,7 486 800,3 915 003,Yes,Dadaeva
3,2024-04-26,1,345,39.49,5 630 000,2 942 074,Yes,Dadaeva
3,2024-01-31,1,346,41.88,5 550 000,2 821 309,Yes,Dadaeva
3,2024-06-21,2,347,58.33,7 846 800,3 876 510,Yes,Dadaeva
3,,1,348,49.8,6 170 000,2 780 313,No,Dadaeva
3,,2,349,62.17,8 190 000,3 958 337,No,Dadaeva
4,2024-04-01,2,350,54.82,7 410 000,3 678 622,Yes,Dadaeva
4,2023-11-30,1,351,39.49,5 490 000,2 917 029,Yes,Dadaeva
4,2023-11-01,1,352,41.88,5 420 000,2 691 309,Yes,Dadaeva
4,,2,353,58.33,7 680 000,3 709 710,No,Dadaeva
4,,1,354,49.8,6 170 000,2 780 313,No,Dadaeva
4,,2,355,62.17,8 190 000,3 958 337,No,Dadaeva
5,2024-01-01,2,356,54.82,7 580 000,4 008 203,Yes,Dadaeva
5,2024-01-15,1,357,39.49,5 700 000,3 127 029,Yes,Dadaeva
5,2023-11-01,1,358,41.88,5 446 800,2 718 109,Yes,Dadaeva
5,,2,359,58.33,7 780 000,3 809 710,No,Dadaeva
5,,1,360,49.8,6 260 000,2 870 313,No,Dadaeva
5,,2,361,62.17,8 290 000,4 058 337,No,Dadaeva
6,2024-03-12,2,362,54.82,7 500 000,3 768 622,Yes,Dadaeva
6,2024-03-12,1,363,39.49,5 650 000,2 962 074,Yes,Dadaeva
6,2024-03-19,1,364,41.88,5 570 000,2 719 396,Yes,Dadaeva
6,2024-03-25,2,365,58.33,7 910 000,3 939 710,Yes,Dadaeva
6,,1,366,49.8,6 260 000,2 870 313,No,Dadaeva
6,,2,367,62.17,8 290 000,4 058 337,No,Dadaeva
7,2024-05-29,2,368,54.82,7 830 000,4 098 622,Yes,Dadaeva
7,2024-06-04,1,369,39.49,5 850 000,3 162 074,Yes,Dadaeva
7,2024-05-01,1,370,41.88,6 060 542,3 209 938,Yes,Dadaeva
7,,2,371,58.33,7 880 000,3 909 710,No,Dadaeva
7,,1,372,49.8,6 290 000,2 900 313,No,Dadaeva
7,,2,373,62.17,8 330 000,4 098 337,No,Dadaeva
8,2023-12-15,2,374,53.85,7 090 000,3 581 403,Yes,Dadaeva
8,,1,375,39.49,5 850 000,3 162 074,No,Dadaeva
8,2024-04-27,1,376,41.88,5 972 460,3 121 856,Yes,Dadaeva
8,,2,377,58.33,7 880 000,3 909 710,No,Dadaeva
8,,1,378,49.8,6 290 000,2 900 313,No,Dadaeva
8,,2,379,62.17,8 330 000,4 098 337,No,Dadaeva
9,2023-12-01,2,380,54.33,7 460 000,3 920 129,Yes,Dadaeva
9,2024-04-01,1,381,39.72,5 836 800,3 133 218,Yes,Dadaeva
9,2024-04-01,1,382,42.15,5 706 800,2 837 818,Yes,Dadaeva
9,,2,383,58.85,7 950 000,3 944 316,No,Dadaeva
9,,1,384,49.8,6 360 000,2 970 313,No,Dadaeva
9,,2,385,62.66,8 470 000,4 204 984,No,Dadaeva
1,,2,386,62.2,7 920 000,3 686 295,No,Dadaeva
1,2024-06-18,1,387,41.73,5 740 000,2 899 606,Yes,Dadaeva
1,,1,388,41.73,5 680 000,2 839 606,No,Dadaeva
1,2024-04-23,2,389,62.46,7 825 600,3 574 198,Yes,Dadaeva
2,2024-04-19,2,390,66.79,8 160 000,3 613 872,Yes,Dadaeva
2,,1,391,43.08,5 990 000,3 057 717,No,Dadaeva
2,,1,392,43.08,5 990 000,3 057 717,No,Dadaeva
2,2024-04-19,2,393,62.46,7 830 000,3 578 598,Yes,Dadaeva
3,,2,394,66.79,8 510 000,3 963 872,No,Dadaeva
3,2024-06-01,1,395,43.08,6 040 000,3 107 717,Yes,Dadaeva
3,2024-06-01,1,396,43.08,6 344 133,3 411 850,Yes,Dadaeva
3,2023-12-07,2,397,62.46,7 826 800,3 757 219,Yes,Dadaeva
4,2023-12-14,2,398,66.79,8 128 800,3 777 098,Yes,Dadaeva
4,2024-06-03,1,399,43.08,6 040 000,3 107 717,Yes,Dadaeva
4,2023-12-01,1,400,43.08,5 830 000,3 023 123,Yes,Dadaeva
4,2024-02-15,2,401,62.46,7 750 000,3 498 598,Yes,Dadaeva
5,,2,402,66.79,8 570 000,4 023 872,No,Dadaeva
5,2024-05-13,1,403,43.08,6 000 000,3 067 717,Yes,Dadaeva
5,2024-06-07,1,404,43.08,6 364 691,3 432 408,Yes,Dadaeva
5,2024-02-01,2,405,62.46,7 350 000,3 098 598,Yes,Dadaeva
6,2023-12-01,2,406,66.79,8 161 200,3 809 498,Yes,Dadaeva
6,,1,407,43.08,6 180 000,3 247 717,No,Dadaeva
6,2024-06-07,1,408,43.08,6 180 000,3 247 717,Yes,Dadaeva
6,2023-12-08,2,409,62.46,7 770 000,3 700 419,Yes,Dadaeva
7,,2,410,66.79,8 650 000,4 103 872,No,Dadaeva
7,,1,411,43.08,6 210 000,3 277 717,No,Dadaeva
7,,1,412,43.08,6 210 000,3 277 717,No,Dadaeva
7,2023-12-01,2,413,62.46,7 816 800,3 747 219,Yes,Dadaeva
8,,2,414,66.79,8 650 000,4 103 872,No,Dadaeva
8,,1,415,42.04,6 120 000,3 258 505,No,Dadaeva
8,,1,416,42.04,6 120 000,3 258 505,No,Dadaeva
8,2024-03-05,2,417,62.46,7 930 000,3 678 598,Yes,Dadaeva
9,,2,418,67.31,8 750 000,4 168 478,No,Dadaeva
9,2024-01-18,1,419,41.99,6 090 000,3 354 142,Yes,Dadaeva
9,,1,420,41.99,6 150 000,3 291 909,No,Dadaeva
9,2024-03-27,2,421,62.98,8 110 000,3 823 203,Yes,Dadaeva
1,,2,422,57.11,7 560 000,3 672 751,No,Dadaeva
1,,2,423,63.64,8 010 000,3 678 280,No,Dadaeva
1,,1,424,39.89,5 580 000,2 864 847,No,Dadaeva
1,,1,425,40.44,5 630 000,2 877 411,No,Dadaeva
1,,1,426,41.37,5 620 000,2 804 110,No,Dadaeva
2,,2,427,57.11,7 730 000,3 842 751,No,Dadaeva
2,2024-05-01,2,428,63.64,8 190 000,3 858 280,Yes,Dadaeva
2,,1,429,39.89,5 720 000,3 004 847,No,Dadaeva
2,,1,430,40.44,5 800 000,3 047 411,No,Dadaeva
2,,3,431,115.77,12 840 000,4 959 999,No,Dadaeva
3,,2,432,57.11,7 740 000,3 852 751,No,Dadaeva
3,2023-12-07,2,433,63.64,7 700 000,3 553 536,Yes,Dadaeva
3,2024-06-01,1,434,39.89,5 770 000,3 054 847,Yes,Dadaeva
3,2024-05-23,1,435,40.44,5 820 000,3 067 411,Yes,Dadaeva
3,,3,436,97.81,11 920 000,5 262 465,No,Dadaeva
4,2024-05-24,2,437,57.11,7 786 800,3 899 551,Yes,Dadaeva
4,2024-06-01,2,438,63.64,8 426 800,4 095 080,Yes,Dadaeva
4,2024-05-01,1,439,39.89,5 976 514,3 261 361,Yes,Dadaeva
4,2024-06-01,1,440,40.44,5 860 000,3 107 411,Yes,Dadaeva
4,,3,441,97.81,11 980 000,5 322 465,No,Dadaeva
5,2024-06-01,2,442,57.11,7 950 000,4 062 751,Yes,Dadaeva
5,2024-06-01,2,443,63.64,8 520 000,4 188 280,Yes,Dadaeva
5,2024-03-01,1,444,39.89,5 790 000,3 074 847,Yes,Dadaeva
5,2024-06-10,1,445,40.44,5 950 000,3 197 411,Yes,Dadaeva
5,2023-12-01,3,446,97.81,11 490 000,5 117 189,Yes,Dadaeva
6,,2,447,57.11,7 870 000,3 982 751,No,Dadaeva
6,2024-06-01,2,448,63.64,8 430 000,4 098 280,Yes,Dadaeva
6,2024-06-01,1,449,39.89,5 976 800,3 261 647,Yes,Dadaeva
6,,1,450,40.44,5 950 000,3 197 411,No,Dadaeva
6,,3,451,97.81,12 130 000,5 472 465,No,Dadaeva
7,,2,452,57.11,7 910 000,4 022 751,No,Dadaeva
7,2023-11-22,2,453,63.64,7 880 000,3 733 536,Yes,Dadaeva
7,2023-11-21,1,454,39.89,5 670 000,3 070 967,Yes,Dadaeva
7,2024-06-01,1,455,40.44,5 998 800,3 246 211,Yes,Dadaeva
7,2024-05-21,3,456,97.81,12 180 000,5 522 465,Yes,Dadaeva
8,,2,457,57.11,7 910 000,4 022 751,No,Dadaeva
8,2024-03-01,2,458,63.64,8 150 000,3 818 280,Yes,Dadaeva
8,,1,459,39.89,5 930 000,3 214 847,No,Dadaeva
8,2024-05-01,1,460,40.44,5 990 000,3 237 411,Yes,Dadaeva
8,,3,461,96.85,12 120 000,5 527 808,No,Dadaeva
9,2024-04-01,2,462,57.63,8 109 936,4 187 292,Yes,Dadaeva
9,,2,463,63.9,8 200 000,3 850 583,No,Dadaeva
9,,1,464,40.15,5 980 000,3 247 150,No,Dadaeva
9,2024-05-01,1,465,40.7,6 030 000,3 259 714,Yes,Dadaeva
9,2024-06-01,3,466,97.59,12 200 000,5 557 439,Yes,Dadaeva
1,,3,57,94.76,14 880 000,8 124 844,No,Gorky
1,,1,58,39.82,8 220 000,5 381 352,No,Gorky
1,2024-05-01,1,59,42.62,6 740 000,3 701 748,Yes,Gorky
1,,3,60,82.83,14 490 000,8 585 298,No,Gorky
1,2023-09-01,1,61,28.97,4 870 000,2 804 816,Yes,Gorky
1,2023-09-01,1,62,28.97,4 808 800,2 743 616,Yes,Gorky
1,2023-12-28,2,63,64.58,9 780 000,5 176 286,Yes,Gorky
1,2024-06-01,2,64,55.55,8 488 800,4 528 807,Yes,Gorky
2,,3,65,94.76,15 340 000,8 584 844,No,Gorky
2,,1,66,39.82,8 470 000,5 631 352,No,Gorky
2,2023-12-01,3,68,82.83,13 730 000,7 825 298,Yes,Gorky
2,2023-10-12,1,69,28.97,5 128 800,3 063 616,Yes,Gorky
2,2023-12-01,2,71,64.58,9 510 000,4 906 286,Yes,Gorky
2,,2,72,68.8,11 010 000,6 105 454,No,Gorky
3,,3,73,94.76,15 420 000,8 664 844,No,Gorky
3,2024-06-01,1,74,39.82,8 520 000,5 681 352,Yes,Gorky
3,2024-06-01,1,75,40.09,7 926 800,5 167 085,Yes,Gorky
3, ,3,76,82.83,14 930 000,9 025 298,No,Gorky
3,2024-09-01,1,77,28.97,4 988 800,2 923 616,Yes,Gorky
3,2024-10-01,1,78,28.97,3 980 000,1 914 816,Yes,Gorky
3,2024-06-10,2,79,64.58,8 920 000,4 316 286,Yes,Gorky
3,2024-05-01,2,80,68.8,11 070 000,6 165 454,No,Gorky
4,2024-06-01,3,81,94.76,12 678 800,5 923 644,Yes,Gorky
4,2023-09-01,1,82,39.82,5 520 000,2 681 352,Yes,Gorky
4,2024-06-01,1,83,40.09,7 140 000,2 153 354,Yes,Gorky
4,,3,84,82.83,15 090 000,9 185 298,No,Gorky
4,2024-06-01,1,85,28.97,5 048 800,2 983 616,Yes,Gorky
4,2023-11-01,1,86,28.97,5 220 000,3 154 816,Yes,Gorky
4,2023-10-01,2,87,64.58,8 955 000,4 351 286,Yes,Gorky
4,2023-07-01,2,88,68.8,9 508 800,4 604 254,Yes,Gorky
5,2023-09-01,3,89,94.76,13 340 000,6 584 844,Yes,Gorky
5,2023-06-01,1,90,39.82,5 860 000,3 021 352,Yes,Gorky
5,2024-01-10,1,91,40.09,7 280 000,4 520 285,Yes,Gorky
5,2024-06-01,3,92,82.83,10 480 000,4 575 298,Yes,Gorky
5,2023-08-01,1,93,28.97,4 910 000,2 844 816,Yes,Gorky
5,,1,94,28.97,6 230 000,4 164 816,No,Gorky
5,2023-12-13,2,95,64.58,9 830 000,5 226 286,Yes,Gorky
5,2023-11-01,2,96,68.8,9 930 000,5 025 454,Yes,Gorky
6,2023-10-01,3,97,94.76,14 130 435,7 375 279,Yes,Gorky
6,2024-01-10,1,98,39.82,7 410 000,4 668 871,Yes,Gorky
6,2022-01-01,1,99,40.09,7 330 000,4 570 285,Yes,Gorky
6,2023-08-22,3,100,82.83,10 660 000,4 755 298,Yes,Gorky
6,2024-06-01,1,101,28.97,5 210 000,3 144 816,Yes,Gorky
6,2023-09-01,1,102,28.97,5 168 800,3 103 616,Yes,Gorky
6,,2,104,68.8,11 380 000,6 475 454,No,Gorky
7,2024-02-01,3,105,94.76,14 909 000,8 385 911,Yes,Gorky
7,2024-01-10,1,106,39.82,7 270 000,4 528 871,Yes,Gorky
7,2021-11-01,1,107,40.09,6 070 000,3 310 285,Yes,Gorky
7,2024-06-01,3,108,82.83,12 438 800,6 534 098,Yes,Gorky
7,2023-08-01,1,109,28.97,5 150 000,3 084 816,Yes,Gorky
7,2023-08-01,1,110,28.97,5 078 800,3 013 616,Yes,Gorky
8,2024-06-01,3,113,94.76,12 600 000,5 844 844,Yes,Gorky
8,2021-12-01,1,114,39.82,7 450 000,4 708 871,Yes,Gorky
8,2023-12-01,1,115,40.09,7 376 800,4 617 085,Yes,Gorky
8,2023-10-19,3,116,82.83,10 980 000,5 278 148,Yes,Gorky
8,2024-06-01,1,117,28.97,5 040 000,2 974 816,Yes,Gorky
8,2023-11-01,1,118,28.97,5 037 000,2 971 816,Yes,Gorky
8,2023-12-04,2,120,68.8,10 200 000,5 295 454,Yes,Gorky
1,,2,1,66.44,10 800 000,6 038 910,No,Gorky
1,,3,2,93.46,16 350 000,9 652 656,No,Gorky
1,,2,3,70.68,11 130 000,6 065 071,No,Gorky
1,2024-06-01,2,4,70.68,11 596 800,6 705 391,Yes,Gorky
1,2024-12-01,1,5,48.25,8 360 000,4 902 405,Yes,Gorky
1,,2,6,76.63,12 300 000,4 821 231,No,Gorky
1,2023-12-01,1,7,45.37,8 470 000,5 218 786,Yes,Gorky
2,,2,8,72.47,12 330 000,7 136 800,No,Gorky
2,2024-06-01,3,9,93.46,13 800 000,7 102 656,Yes,Gorky
2,2023-11-22,2,10,70.68,10 600 000,5 535 071,Yes,Gorky
2,,2,11,70.68,11 460 000,6 395 071,No,Gorky
2,2023-12-01,1,12,48.25,8 470 000,5 012 405,Yes,Gorky
2,2024-06-01,2,13,76.63,12 250 000,6 758 694,Yes,Gorky
2,2024-06-01,1,14,45.37,8 265 834,5 014 620,Yes,Gorky
3,,2,15,72.47,12 390 000,7 196 800,No,Gorky
3,2023-11-29,3,16,93.46,14 480 000,7 782 656,Yes,Gorky
3,2023-12-01,2,17,67.15,10 540 000,5 728 031,Yes,Gorky
3,2024-01-10,1,19,44.37,8 060 000,4 989 374,Yes,Gorky
3,2023-12-01,2,20,76.63,11 730 000,6 238 694,Yes,Gorky
3,2024-06-01,1,21,45.37,7 578 800,4 327 586,Yes,Gorky
4,,2,22,72.47,12 190 000,6 996 800,No,Gorky
4,2023-10-01,3,23,93.46,14 430 000,7 732 656,Yes,Gorky
4,2023-11-01,2,24,67.15,10 328 800,5 516 831,Yes,Gorky
4,2024-01-01,2,25,67.15,11 250 000,6 438 031,Yes,Gorky
4,2024-01-10,1,26,44.37,7 900 000,4 829 374,Yes,Gorky
4,2024-06-01,1,28,45.37,7 548 800,4 297 586,Yes,Gorky
5,2023-10-01,2,29,72.47,9 320 000,4 126 800,Yes,Gorky
5,2023-09-01,3,30,93.46,14 070 000,7 372 656,Yes,Gorky
5,2024-06-01,2,31,67.15,10 000 000,5 188 031,Yes,Gorky
5,,2,32,67.15,11 560 000,6 748 031,No,Gorky
5,2024-06-01,1,33,44.37,7 460 000,4 280 446,Yes,Gorky
5,2023-11-01,2,34,76.63,10 000 000,4 508 694,Yes,Gorky
5,2024-01-10,1,35,45.37,7 910 000,5 099 601,Yes,Gorky
6,2024-06-01,2,36,72.47,12 240 000,7 224 714,Yes,Gorky
6,2023-07-01,3,37,93.46,13 910 000,7 212 656,Yes,Gorky
6,2024-01-10,2,38,67.15,10 856 800,6 209 684,Yes,Gorky
6,2023-11-29,2,39,67.15,10 780 000,5 968 031,Yes,Gorky
6,2023-12-01,1,40,44.37,6 330 000,3 259 374,Yes,Gorky
6,2024-06-01,2,41,76.63,10 850 000,5 358 694,Yes,Gorky
6,2024-06-01,1,42,45.37,5 913 000,2 661 786,Yes,Gorky
7,,2,43,72.47,12 780 000,7 586 800,No,Gorky
7,2024-06-01,3,44,93.46,13 918 800,7 221 456,Yes,Gorky
7,2023-05-01,2,45,67.15,9 818 800,5 006 831,Yes,Gorky
7,2023-11-23,2,46,67.15,10 480 000,5 668 031,Yes,Gorky
7,2021-10-01,1,47,44.37,6 440 000,3 369 374,Yes,Gorky
7,2024-06-01,2,48,76.63,10 900 000,5 408 694,Yes,Gorky
7,2023-06-01,1,49,45.37,7 658 800,4 407 586,Yes,Gorky
8,2022-12-01,2,50,72.47,10 550 000,5 356 800,Yes,Gorky
8, ,3,51,93.46,17 320 000,10 622 656,No,Gorky
8,2023-09-01,2,52,67.15,10 108 800,5 296 831,Yes,Gorky
8,2024-05-01,2,53,67.15,8 780 000,3 968 031,Yes,Gorky
8,2021-11-01,1,54,44.37,6 360 000,3 289 374,Yes,Gorky
8,2023-12-01,2,55,76.63,10 537 779,5 046 473,Yes,Gorky
8,2023-08-01,1,56,45.37,7 628 800,4 377 586,Yes,Gorky
1,2024-06-22,2,1,59.4,7 537 141,2 668 658,Yes,Berdyanskaya
1,2024-06-01,1,2,32.07,3 950 000,1 551 485,Yes,Berdyanskaya
1,,3,3,91.64,9 770 000,2 259 094,No,Berdyanskaya
2,,2,4,64.18,7 820 000,2 559 743,No,Berdyanskaya
2,2024-06-01,1,5,32.07,4 336 800,1 759 494,Yes,Berdyanskaya
2,2024-06-01,1,6,35.31,4 486 800,1 845 965,Yes,Berdyanskaya
2,,2,7,64.47,7 840 000,2 555 974,No,Berdyanskaya
3,2024-06-01,2,8,64.18,8 010 000,2 749 743,Yes,Berdyanskaya
3,2023-11-15,1,9,32.07,4 410 000,1 832 694,Yes,Berdyanskaya
3,2023-10-02,1,10,35.31,4 578 800,1 937 965,Yes,Berdyanskaya
3,2023-11-01,2,11,64.47,7 296 800,2 115 668,Yes,Berdyanskaya
4,,2,12,64.18,8 220 000,2 959 743,No,Berdyanskaya
4,2024-06-01,1,13,32.35,4 470 000,2 050 544,Yes,Berdyanskaya
4,2024-03-20,1,14,35.31,5 361 702,2 467 659,Yes,Berdyanskaya
4,2023-11-20,2,15,65.08,7 720 000,2 489 846,Yes,Berdyanskaya
1,,2,16,56.28,6 890 000,2 277 235,No,Berdyanskaya
1,2024-06-01,1,17,40.86,5 577 847,2 228 921,Yes,Berdyanskaya
1,2024-06-01,1,18,46.12,5 720 000,1 939 959,Yes,Berdyanskaya
1,2024-05-01,3,19,83.92,9 978 787,3 100 620,Yes,Berdyanskaya
1,2024-06-01,2,20,67.12,8 170 000,2 668 778,Yes,Berdyanskaya
1,,2,21,53.28,6 630 000,2 263 118,No,Berdyanskaya
2,2024-06-01,2,22,63.07,7 290 000,2 221 379,Yes,Berdyanskaya
2,2024-05-01,1,23,40.86,5 450 000,2 101 074,Yes,Berdyanskaya
2,2024-03-04,1,24,46.12,5 860 000,2 079 959,Yes,Berdyanskaya
2,,3,25,83.92,9 750 000,2 871 833,No,Berdyanskaya
2,2024-06-01,2,26,67.12,7 820 000,2 425 901,Yes,Berdyanskaya
2,2024-06-07,2,27,53.28,6 730 000,2 363 118,Yes,Berdyanskaya
3,2024-06-11,2,28,63.07,7 780 000,2 610 720,Yes,Berdyanskaya
3,,1,29,40.86,5 540 000,2 191 074,No,Berdyanskaya
3,2024-05-01,1,30,46.12,5 740 000,1 959 959,Yes,Berdyanskaya
3,,3,31,83.92,9 940 000,3 061 833,No,Berdyanskaya
3,2024-06-01,2,32,67.12,7 586 800,2 566 895,Yes,Berdyanskaya
3,,2,33,53.28,6 830 000,2 463 118,No,Berdyanskaya
4,2024-06-13,2,34,63.35,8 350 233,3 158 004,Yes,Berdyanskaya
4,2024-06-01,1,35,40.86,5 186 800,2 130 881,Yes,Berdyanskaya
4,2024-06-01,1,36,46.4,5 800 000,2 071 064,Yes,Berdyanskaya
4,2024-06-01,3,37,85.9,10 240 000,3 199 550,Yes,Berdyanskaya
4,2024-06-01,2,38,67.12,7 730 000,2 710 095,Yes,Berdyanskaya
4,,2,39,53.67,7 090 000,2 691 153,No,Berdyanskaya
1,,2,40,70.45,8 220 000,2 445 848,No,Berdyanskaya
1,2023-09-01,2,41,62.74,7 026 800,2 334 475,Yes,Berdyanskaya
1,,3,42,82.94,9 710 000,2 912 155,No,Berdyanskaya
2,,2,43,75.24,8 630 000,2 463 254,No,Berdyanskaya
2,2024-05-15,2,44,62.74,7 890 000,2 747 767,Yes,Berdyanskaya
2,2024-03-14,3,45,82.94,9 930 000,3 132 155,Yes,Berdyanskaya
3,2024-05-01,2,46,75.24,8 740 000,2 573 254,Yes,Berdyanskaya
3,,2,47,62.74,8 000 000,2 857 767,No,Berdyanskaya
3,2024-06-01,3,48,82.94,10 060 000,3 262 155,Yes,Berdyanskaya
4,2024-06-01,2,49,75.24,9 030 000,2 863 254,Yes,Berdyanskaya
4,2024-06-01,2,50,63.13,7 280 000,2 206 558,Yes,Berdyanskaya
4,,3,51,83.24,10 360 000,3 537 566,No,Berdyanskaya
1,,2,52,61.81,7 780 000,2 713 991,No,Berdyanskaya
1,,2,53,59.9,7 580 000,2 670 536,No,Berdyanskaya
1,2024-06-01,1,54,43.52,5 260 000,2 005 139,Yes,Berdyanskaya
1,2024-06-01,2,55,76.2,7 860 000,2 175 404,Yes,Berdyanskaya
2,,2,56,61.81,7 490 000,2 423 991,No,Berdyanskaya
2,2023-12-01,2,57,60.79,6 780 000,1 797 591,Yes,Berdyanskaya
2,2024-02-01,1,58,43.52,5 760 000,2 193 057,Yes,Berdyanskaya
2,,1,59,40.44,5 460 000,2 145 497,No,Berdyanskaya
2,2023-11-01,1,60,49.61,5 270 000,1 283 092,Yes,Berdyanskaya
2,2024-06-01,1,61,61.16,6 798 800,1 786 065,Yes,Berdyanskaya
2,2024-06-01,1,62,38.43,5 200 000,2 050 239,Yes,Berdyanskaya
3,,2,63,61.81,7 650 000,2 583 991,No,Berdyanskaya
3,2024-06-01,2,64,60.79,6 980 000,2 094 612,Yes,Berdyanskaya
3,2024-05-01,1,65,43.52,5 200 000,1 633 057,Yes,Berdyanskaya
3,,1,66,40.44,5 550 000,2 235 497,No,Berdyanskaya
3,2024-04-01,1,67,49.61,6 160 000,2 093 915,Yes,Berdyanskaya
3,2024-06-01,1,68,58.58,6 270 000,1 888 802,Yes,Berdyanskaya
3,2023-12-01,1,69,38.43,5 160 000,2 010 239,Yes,Berdyanskaya
4,,2,70,61.81,7 940 000,2 873 991,No,Berdyanskaya
4,,2,71,61.18,8 200 000,3 185 626,No,Berdyanskaya
4,,1,72,43.91,6 100 000,2 501 092,No,Berdyanskaya
4,,1,73,40.44,5 810 000,2 495 497,No,Berdyanskaya
4,2024-02-14,1,74,50,6 480 000,2 381 950,Yes,Berdyanskaya
4,2024-02-01,1,75,58.58,7 090 000,2 288 725,Yes,Berdyanskaya
4,,1,76,38.43,5 510 000,2 360 239,No,Berdyanskaya
1,,2,77,53.05,6 750 000,2 038 576,No,Berdyanskaya
1,,1,78,34.11,4 630 000,1 600 657,No,Berdyanskaya
1,,1,79,45.39,5 690 000,1 658 869,No,Berdyanskaya
1,,2,80,76.9,8 780 000,1 950 434,No,Berdyanskaya
1,,1,81,40.28,5 350 000,1 772 693,No,Berdyanskaya
2,2023-12-01,2,82,59.26,7 090 000,2 352 104,Yes,Berdyanskaya
2,,1,83,36.03,5 050 000,1 850 140,No,Berdyanskaya
2,,1,84,45.39,5 770 000,1 738 869,No,Berdyanskaya
2,,2,85,76.9,8 890 000,2 060 434,No,Berdyanskaya
2,2023-08-23,1,86,40.28,5 136 800,2 107 301,Yes,Berdyanskaya
3,,2,87,59.26,7 560 000,2 297 060,No,Berdyanskaya
3,,1,88,36.03,5 130 000,1 930 140,No,Berdyanskaya
3,,1,89,45.39,5 860 000,1 828 869,No,Berdyanskaya
3,2023-10-10,2,90,76.9,8 180 000,2 396 274,Yes,Berdyanskaya
3,,1,91,40.28,5 570 000,1 992 693,No,Berdyanskaya
4,2023-12-14,2,92,59.64,7 770 000,3 010 788,Yes,Berdyanskaya
4,2023-09-01,1,93,36.42,4 830 000,2 090 815,Yes,Berdyanskaya
4,,1,94,45.39,6 120 000,2 088 869,No,Berdyanskaya
4,2024-06-01,2,95,77.29,8 070 000,2 256 942,Yes,Berdyanskaya
4,2024-05-15,1,96,40.66,5 790 000,2 178 945,Yes,Berdyanskaya
1,,2,97,60.89,7 440 000,2 032 298,No,Berdyanskaya
1,,3,98,75.46,8 970 000,2 268 322,No,Berdyanskaya
1,,1,99,46.81,5 790 000,1 632 757,No,Berdyanskaya
1,,2,100,67.49,8 020 000,2 026 146,No,Berdyanskaya
2,2024-03-13,2,101,61.31,7 600 000,2 367 621,Yes,Berdyanskaya
2,,1,102,49.99,5 930 000,1 490 338,No,Berdyanskaya
2,2023-10-16,2,103,61.81,6 970 000,2 321 208,Yes,Berdyanskaya
2,2024-06-12,1,104,46.81,5 880 000,1 722 757,Yes,Berdyanskaya
2,2023-08-23,2,105,73.86,7 788 800,2 233 716,Yes,Berdyanskaya
3,2024-05-01,2,106,61.31,7 630 000,2 184 998,Yes,Berdyanskaya
3,2024-06-04,1,107,49.99,5 430 000,990 338,Yes,Berdyanskaya
3,,2,108,61.81,7 720 000,2 230 592,No,Berdyanskaya
3,2024-05-01,1,109,46.81,6 231 064,2 073 821,Yes,Berdyanskaya
3,2023-10-24,2,110,73.86,7 928 800,2 373 716,Yes,Berdyanskaya
4,2024-06-01,2,111,61.31,8 010 000,2 564 998,Yes,Berdyanskaya
4,2024-06-18,1,112,49.99,6 390 000,1 950 338,Yes,Berdyanskaya
4,,2,113,61.81,8 040 000,2 550 592,No,Berdyanskaya
4,,1,114,47.2,6 260 000,2 068 121,No,Berdyanskaya
4,2024-06-21,2,115,74.69,9 130 000,2 496 706,Yes,Berdyanskaya
1,,2,116,70.85,8 300 000,2 007 741,No,Berdyanskaya
1,,1,117,44.53,5 590 000,1 635 246,No,Berdyanskaya
1,,1,118,37.87,5 100 000,1 736 727,No,Berdyanskaya
1,,2,119,65.56,7 850 000,2 027 551,No,Berdyanskaya
2,2024-06-10,2,120,76.02,8 750 000,1 998 588,Yes,Berdyanskaya
2,2024-05-01,1,121,44.53,5 939 064,1 984 310,Yes,Berdyanskaya
2,2024-02-01,1,122,37.87,5 230 000,1 998 061,Yes,Berdyanskaya
2,2023-12-16,2,123,65.56,7 686 800,2 455 178,Yes,Berdyanskaya
3,2024-05-16,2,124,76.02,8 850 000,2 098 588,Yes,Berdyanskaya
3,2023-11-30,1,125,44.53,5 640 000,2 086 551,Yes,Berdyanskaya
3,2024-02-01,1,126,37.87,5 310 000,2 078 061,Yes,Berdyanskaya
3,,2,127,65.56,8 060 000,2 237 551,No,Berdyanskaya
4,2024-06-01,2,128,76.02,7 888 000,1 136 588,Yes,Berdyanskaya
4,,1,129,44.53,6 070 000,2 115 246,No,Berdyanskaya
4,,1,130,37.87,5 510 000,2 146 727,No,Berdyanskaya
4,,2,131,66.48,8 440 000,2 535 845,No,Berdyanskaya
1,,3,132,88.93,10 340 000,2 442 038,No,Berdyanskaya
1,,1,133,42.66,5 450 000,1 661 323,No,Berdyanskaya
1,,2,134,66.96,7 950 000,2 003 215,No,Berdyanskaya
2,2024-05-14,3,135,94.55,10 722 500,2 325 420,Yes,Berdyanskaya
2,,2,136,58.21,7 170 000,2 000 312,No,Berdyanskaya
2,,2,137,65.28,7 880 000,2 082 418,No,Berdyanskaya
3,2024-01-01,3,138,94.55,10 860 000,3 315 005,Yes,Berdyanskaya
3,2024-06-01,2,139,58.21,7 615 132,2 445 444,Yes,Berdyanskaya
3,,2,140,65.28,8 040 000,2 242 418,No,Berdyanskaya
4,2023-09-01,3,141,94.55,10 186 800,3 075 600,Yes,Berdyanskaya
4,2024-05-01,2,142,58.21,7 540 000,2 572 184,Yes,Berdyanskaya
4,,2,143,66.2,8 420 000,2 540 712,No,Berdyanskaya
